id,name,age,department,salary,bonus
1,Employee_1,26,Department_2,51000,5100
2,Employee_2,27,Department_3,52000,5200
3,Employee_3,28,Department_4,53000,5300
4,Employee_4,29,Department_5,54000,5400
5,Employee_5,30,Department_1,55000,5500
6,Employee_6,31,Department_2,56000,5600
7,Employee_7,32,Department_3,57000,5700
8,Employee_8,33,Department_4,58000,5800
9,Employee_9,34,Department_5,59000,5900
10,Employee_10,25,Department_1,60000,6000
11,Employee_11,26,Department_2,61000,6100
12,Employee_12,27,Department_3,62000,6200
13,Employee_13,28,Department_4,63000,6300
14,Employee_14,29,Department_5,64000,6400
15,Employee_15,30,Department_1,65000,6500
16,Employee_16,31,Department_2,66000,6600
17,Employee_17,32,Department_3,67000,6700
18,Employee_18,33,Department_4,68000,6800
19,Employee_19,34,Department_5,69000,6900
20,Employee_20,25,Department_1,70000,7000
21,Employee_21,26,Department_2,71000,7100
22,Employee_22,27,Department_3,72000,7200
23,Employee_23,28,Department_4,73000,7300
24,Employee_24,29,Department_5,74000,7400
25,Employee_25,30,Department_1,75000,7500
26,Employee_26,31,Department_2,76000,7600
27,Employee_27,32,Department_3,77000,7700
28,Employee_28,33,Department_4,78000,7800
29,Employee_29,34,Department_5,79000,7900
30,Employee_30,25,Department_1,80000,8000
31,Employee_31,26,Department_2,81000,8100
32,Employee_32,27,Department_3,82000,8200
33,Employee_33,28,Department_4,83000,8300
34,Employee_34,29,Department_5,84000,8400
35,Employee_35,30,Department_1,85000,8500
36,Employee_36,31,Department_2,86000,8600
37,Employee_37,32,Department_3,87000,8700
38,Employee_38,33,Department_4,88000,8800
39,Employee_39,34,Department_5,89000,8900
40,Employee_40,25,Department_1,90000,9000
41,Employee_41,26,Department_2,91000,9100
42,Employee_42,27,Department_3,92000,9200
43,Employee_43,28,Department_4,93000,9300
44,Employee_44,29,Department_5,94000,9400
45,Employee_45,30,Department_1,95000,9500
46,Employee_46,31,Department_2,96000,9600
47,Employee_47,32,Department_3,97000,9700
48,Employee_48,33,Department_4,98000,9800
49,Employee_49,34,Department_5,99000,9900
50,Employee_50,25,Department_1,100000,10000
